<?xml version="1.0" encoding="UTF-8"?>

<recordList>
  <record> 
    <field name="collection_name"> 
      <value><![CDATA[Die PW Woche: Steimmen aus Lager U. Heimat]]></value> 
    </field>  
    <entity name="titles_group"> 
      <field name="title"> 
        <value><![CDATA[Die PW Woche 8. Ausgabe]]></value> 
      </field> 
    </entity>  
    <entity name="names_group"> 
      <field name="name_part"> 
        <value><![CDATA[Ofw. Albrecht, 8. Kompanie]]></value> 
      </field>  
      <field name="nameuri"> 
        <value><![CDATA[Local]]></value> 
      </field> 
    </entity>  
    <entity name="types_of_resources"> 
      <field name="type_of_resource"> 
        <value><![CDATA[Still image]]></value> 
      </field>  
      <field name="resource_type_uri"> 
        <value><![CDATA[http://id.loc.gov/vocabulary/resourceTypes/img]]></value> 
      </field> 
    </entity>  
    <entity name="genre"> 
      <field name="genre"> 
        <value><![CDATA[Newsletter]]></value> 
      </field>  
      <field name="genre_uri"> 
        <value><![CDATA[https://id.loc.gov/authorities/genreForms/gf2014026131.html]]></value> 
      </field> 
    </entity>  
    <entity name="origin_info_group"> 
      <field name="place_term"> 
        <value><![CDATA[Camp Carson, Colo. ]]></value> 
      </field>  
      <field name="date_issued"> 
        <value><![CDATA[1943-10-09]]></value> 
      </field>  
      <field name="edition"> 
        <value><![CDATA[8]]></value> 
      </field>  
      <field name="frequency"> 
        <value><![CDATA[Weekly]]></value> 
      </field> 
    </entity>  
    <entity name="langauges_group"> 
      <field name="language_term"> 
        <value><![CDATA[German]]></value> 
      </field>  
      <field name="language_term_code_authority"> 
        <value><![CDATA[https://id.loc.gov/vocabulary/iso639-2/deu.html]]></value> 
      </field>  
      <field name="language_term_type"> 
        <value><![CDATA[ISO649-2]]></value> 
      </field> 
    </entity>  
    <entity name="physical_descriptions_group"> 
      <field name="extent"> 
        <value><![CDATA[20 pages]]></value> 
      </field> 
    </entity>  
    <entity name="form_group"> 
      <field name="form"> 
        <value><![CDATA[weeklies (publications)]]></value> 
      </field>  
      <field name="form_uri"> 
        <value><![CDATA[http://vocab.getty.edu/aat/300312030]]></value> 
      </field> 
    </entity>  
    <entity name="notes_group"> 
      <field name="note"> 
        <value><![CDATA[From Camp to Home]]></value> 
      </field> 
    </entity>  
    <entity name="subject_topic_group"> 
      <field name="subject_topic"> 
        <value><![CDATA[Germans -- United States -- Newspapers.]]></value> 
      </field>  
      <field name="subject_topic_uri"> 
        <value><![CDATA[http://id.loc.gov/authorities/subjects/sh2009125920]]></value> 
      </field> 
    </entity>  
    <entity name="subject_topic_group"> 
      <field name="subject_topic"> 
        <value><![CDATA[Prisoners of war -- Germany -- Newspapers]]></value> 
      </field>  
      <field name="subject_topic_uri"> 
        <value><![CDATA[http://libraries.colorado.edu/record=b10774696~S3]]></value> 
      </field> 
    </entity>  
    <entity name="subject_topic_group"> 
      <field name="subject_topic"> 
        <value><![CDATA[Propaganda, German]]></value> 
      </field>  
      <field name="subject_topic_uri"> 
        <value><![CDATA[http://id.loc.gov/authorities/subjects/sh85107463]]></value> 
      </field> 
    </entity>  
    <entity name="subject_topic_group"> 
      <field name="subject_topic"> 
        <value><![CDATA[World War, 1939-1945 -- Prisoners and prisons, American -- Newspapers]]></value> 
      </field>  
      <field name="subject_topic_uri"> 
        <value><![CDATA[https://libraries.colorado.edu/search~S3?/dWorld+War%2C+1939-1945+--+Prisoners+and+prisons%2C+Am/dworld+war+++++1939+++++1945+prisoners+and+prisons+american+newspapers/-3,-1,0,B/browse]]></value> 
      </field> 
    </entity>  
    <entity name="subject_geographic_group"> 
      <field name="subject_geographic"> 
        <value><![CDATA[Fort Carson (Colo.)]]></value> 
      </field>  
      <field name="subject_geographic_uri"> 
        <value><![CDATA[http://id.loc.gov/authorities/names/n82075700]]></value> 
      </field> 
    </entity>  
    <entity name="identifiers_group"> 
      <field name="identifier"> 
        <value><![CDATA[nspc_diePWwoche_008.pdf]]></value> 
      </field>  
      <field name="identifier_luna"> 
        <value><![CDATA[https://cudl.colorado.edu//luna/servlet/detail/CUB~25~25~8~298159]]></value> 
      </field>  
      <field name="identifierark"> 
        <value><![CDATA[https://ark.colorado.edu/ark:/47540/n8766w11277p]]></value> 
      </field> 
    </entity>  
    <entity name="locations_group"> 
      <field name="physical_location"> 
        <value><![CDATA[Special Collections and Archives at the University of Colorado Boulder Libraries]]></value> 
      </field>  
      <field name="physical_location_type"> 
        <value><![CDATA[Local]]></value> 
      </field> 
    </entity>  
    <entity name="digital_origin_group"> 
      <field name="internet_media_type"> 
        <value><![CDATA[application/pdf]]></value> 
      </field>  
      <field name="digital_origin"> 
        <value><![CDATA[reformatted digital]]></value> 
      </field> 
    </entity>  
    <entity name="access_conditions_group"> 
      <field name="access_condition"> 
        <value><![CDATA[This Item is protected by copyright and/or related rights. You are free to use this Item in any way that is permitted by the copyright and related rights legislation that applies to your use. For other uses you need to obtain permission from the rights-holder(s).]]></value> 
      </field>  
      <field name="access_conditionuri"> 
        <value><![CDATA[https://rightsstatements.org/page/InC/1.0/?language=en]]></value> 
      </field> 
    </entity> 
  </record>
</recordList>
